Workbook

Sheet Master
A1: Variable | B1: Pillar | C1: Max Score
A2: Ever DPD | B2: Repayment | C2: 10
A3: Last 12M DPD | B3: Repayment | C3: 8
A4: Max DPD | B4: Repayment | C4: 5
A5: Overdue | B5: Repayment | C5: 5
A6: Written Off | B6: Repayment | C6: 6
A7: Suit Filed | B7: Repayment | C7: 6
A8: Loan Count | B8: Capability | C8: 4
A9: Secured Mix | B9: Capability | C9: 6
A10: Total High Credit | B10: Capability | C10: 6
A11: EMI Capacity | B11: Capability | C11: 5
A12: Lender Quality | B12: Capability | C12: 4
A13: Product Mix | B13: Capability | C13: 5
... A18: Active Loans | B18: Stability | C18: 2
C19: =SUM(C2:C18) -> 94

Sheet Rules
A1: Variable | B1: Condition | C1: Score | D1: Rationale
A2: Ever DPD | B2: No DPD | C2: 10 | D2: Clean repayment | F2: =C2 -> 10
A3: Ever DPD | B3: DPD 1-30 | C3: 7 | D3: Minor delinquency
A4: Ever DPD | B4: DPD 30-90 | C4: 4 | D4: Moderate delinquency
A5: Ever DPD | B5: DPD >90 | C5: 0 | D5: Severe delinquency
A6: Last 12M DPD | B6: No DPD | C6: 8 | D6: Strong recent behavior
A7: Last 12M DPD | B7: DPD 1-30 | C7: 5 | D7: Minor recent stress
A8: Last 12M DPD | B8: DPD >30 | C8: 2 | D8: Recent risk
A9: Max DPD | B9: 0 | C9: 5 | D9: No historical delay
A10: Max DPD | B10: 1-30 | C10: 4 | D10: Minor delay
A11: Max DPD | B11: 30-90 | C11: 2 | D11: Moderate
A12: Max DPD | B12: >90 | C12: 0 | D12: Severe
A13: Overdue | B13: 0 | C13: 5 | D13: No overdue
A14: Overdue | B14: Low | C14: 3 | D14: Minor overdue
... A49: Active Loans | B49: >3 | C49: 0 | D49: Overleveraged

Sheet Borrower_Input
A1: Variable | B1: Input | D1: All Conditions
A2: Ever DPD | B2: No DPD | D2: 0
A3: Last 12M DPD | B3: No DPD | D3: 0-1
A4: Max DPD | B4: 0 | D4: 1-3
A5: Overdue | B5: 0 | D5: 1-30
A6: Written Off | B6: None | D6: 1-3Y
A7: Suit Filed | B7: No | D7: 1-5L
A8: Loan Count | B8: 2-6 | D8: 10-50K
A9: Secured Mix | B9: No | D9: 2-6
A10: Total High Credit | B10: >5L | D10: 30-90
A11: EMI Capacity | B11: 10-50K | D11: <10K
A12: Lender Quality | B12: Mixed | D12: <1L
... A18: Active Loans | B18: 1-3 | D18: >6
D19: >90
D20: Bad
D21: Clean
D22: Clustered
D23: DPD 1-30
D24: DPD 30-90
D25: DPD >30
D26: DPD >90
D27: Distributed
D28: High
D29: Low
D30: Mixed
... D39: Yes

Sheet Calculation
A1: Variable | B1: Input | C1: Score | D1: Pillar | E1: Max score | F1: Normalised score
A2: Ever DPD | B2: =Borrower_Input!B2 -> No DPD | C2: =SUMIFS(Rules!C:C,Rules!A:A,A2,Rules!B:B,B2) -> 10 | D2: Repayment | E2: 10 | F2: =C2/E2*10 -> 10
A3: Last 12M DPD | B3: =Borrower_Input!B3 -> No DPD | C3: =SUMIFS(Rules!C:C,Rules!A:A,A3,Rules!B:B,B3) -> 8 | D3: Repayment | E3: 8 | F3: =C3/E3*10 -> 10
A4: Max DPD | B4: =Borrower_Input!B4 -> 0 | C4: =SUMIFS(Rules!C:C,Rules!A:A,A4,Rules!B:B,B4) -> 5 | D4: Repayment | E4: 5 | F4: =C4/E4*10 -> 10
A5: Overdue | B5: =Borrower_Input!B5 -> 0 | C5: =SUMIFS(Rules!C:C,Rules!A:A,A5,Rules!B:B,B5) -> 5 | D5: Repayment | E5: 5 | F5: =C5/E5*10 -> 10
A6: Written Off | B6: =Borrower_Input!B6 -> None | C6: =SUMIFS(Rules!C:C,Rules!A:A,A6,Rules!B:B,B6) -> 6 | D6: Repayment | E6: 6 | F6: =C6/E6*10 -> 10
A7: Suit Filed | B7: =Borrower_Input!B7 -> No | C7: =SUMIFS(Rules!C:C,Rules!A:A,A7,Rules!B:B,B7) -> 6 | D7: Repayment | E7: 6 | F7: =C7/E7*10 -> 10
A8: Loan Count | B8: =Borrower_Input!B8 -> 2-6 | C8: =SUMIFS(Rules!C:C,Rules!A:A,A8,Rules!B:B,B8) -> 4 | D8: Capability | E8: 4 | F8: =C8/E8*10 -> 10
A9: Secured Mix | B9: =Borrower_Input!B9 -> No | C9: =SUMIFS(Rules!C:C,Rules!A:A,A9,Rules!B:B,B9) -> 2 | D9: Capability | E9: 6 | F9: =C9/E9*10 -> 3.3333333
A10: Total High Credit | B10: =Borrower_Input!B10 -> >5L | C10: 6 | D10: Capability | E10: 6 | F10: =C10/E10*10 -> 10
A11: EMI Capacity | B11: =Borrower_Input!B11 -> 10-50K | C11: =SUMIFS(Rules!C:C,Rules!A:A,A11,Rules!B:B,B11) -> 3 | D11: Capability | E11: 5 | F11: =C11/E11*10 -> 6
A12: Lender Quality | B12: =Borrower_Input!B12 -> Mixed | C12: =SUMIFS(Rules!C:C,Rules!A:A,A12,Rules!B:B,B12) -> 3 | D12: Capability | E12: 4 | F12: =C12/E12*10 -> 7.5
A13: Product Mix | B13: =Borrower_Input!B13 -> Multiple | C13: =SUMIFS(Rules!C:C,Rules!A:A,A13,Rules!B:B,B13) -> 5 | D13: Capability | E13: 5 | F13: =C13/E13*10 -> 10
A14: Credit History | B14: =Borrower_Input!B14 -> >3Y | C14: 6 | D14: Stability | E14: 6 | F14: =C14/E14*10 -> 10
A15: Closure Pattern | B15: =Borrower_Input!B15 -> Clean | C15: =SUMIFS(Rules!C:C,Rules!A:A,A15,Rules!B:B,B15) -> 8 | D15: Stability | E15: 8 | F15: =C15/E15*10 -> 10
A16: Recent Activity | B16: =Borrower_Input!B16 -> Yes | C16: =SUMIFS(Rules!C:C,Rules!A:A,A16,Rules!B:B,B16) -> 5 | D16: Stability | E16: 5 | F16: =C16/E16*10 -> 10
A17: Vintage Pattern | B17: =Borrower_Input!B17 -> Clustered | C17: =SUMIFS(Rules!C:C,Rules!A:A,A17,Rules!B:B,B17) -> 1 | D17: Stability | E17: 3 | F17: =C17/E17*10 -> 3.3333333
A18: Active Loans | B18: =Borrower_Input!B18 -> 1-3 | C18: =SUMIFS(Rules!C:C,Rules!A:A,A18,Rules!B:B,B18) -> 2 | D18: Stability | E18: 2 | F18: =C18/E18*10 -> 10
E19: Borrower score | F19: =SUM(F2:F18) -> 150.16667
E20: Max score | F20: =SUM(10*17) -> 170
E21: Scaled score | F21: =F19/F20*100 -> 88.333333
